Gender,Title,GivenName,MiddleInitial,Surname,State,EmailAddress,Birthday,Latitude,Longitude
female,Mrs.,Isabela,A,Pinto,SP,IsabelaAzevedoPinto@dayrep.com,01/01/1973,-23.649.462,-46.704.023
female,Ms.,Luana,F,Barros,SP,LuanaFerreiraBarros@rhyta.com,01/01/1973,-15.605.035,-47.655.667
male,Mr.,Matheus,R,Souza,SP,MatheusRochaSouza@jourrapide.com,01/01/1973,-1.668.665,-4.917.841
female,Mrs.,Gabriela,A,Correia,SP,GabrielaAlvesCorreia@gustr.com,01/01/1973,-23.265.401,-47.217.685
male,Mr.,Gabriel,B,Cardoso,SP,GabrielBarbosaCardoso@armyspy.com,01/01/1973,-16.868.231,-49.224.983
female,Mrs.,Giovana,C,Rodrigues,SP,GiovanaCostaRodrigues@fleckens.hu,01/01/1973,-19.985.368,-43.911.468
female,Ms.,Matilde,L,Melo,SP,MatildeLimaMelo@gustr.com,01/01/1973,-12.527.299,-4.639.571
male,Mr.,Vitór,S,Araujo,SP,VitorSousaAraujo@teleworm.us,01/01/1973,-29.902.449,-51.105.733
male,Mr.,Luís,C,Castro,SP,LuisCarvalhoCastro@superrito.com,01/01/1973,-25.538.476,-49.343.963
male,Mr.,Antônio,R,Fernandes,SP,AntonioRochaFernandes@fleckens.hu,01/01/1973,-28.649.721,-49.296.928
female,Mrs.,Alice,G,Melo,SP,AliceGomesMelo@rhyta.com,01/01/1973,-23.632.037,-46.689.987
male,Mr.,Martim,A,Ferreira,SP,MartimAraujoFerreira@rhyta.com,01/01/1973,-23.066.131,-45.915.294
male,Mr.,João,A,Pinto,SP,JoaoAzevedoPinto@gustr.com,01/01/1973,-22.747.433,-43.213.927
male,Mr.,Danilo,B,Cunha,SP,DaniloBarrosCunha@armyspy.com,01/01/1973,-22.968.276,-47.065.989
male,Mr.,Breno,C,Barros,SP,BrenoCunhaBarros@einrot.com,01/01/1973,-23.949.452,-46.404.172
male,Mr.,Matheus,O,Melo,SP,MatheusOliveiraMelo@dayrep.com,01/01/1973,-3.818.893,-38.616.601
male,Mr.,Miguel,O,Araujo,SP,MiguelOliveiraAraujo@dayrep.com,01/01/1973,-20.211.542,-40.426.197
male,Mr.,Luís,A,Souza,SP,LuisAlvesSouza@fleckens.hu,01/01/1973,-23.508.114,-46.296.867
male,Mr.,Leonardo,D,Sousa,SP,LeonardoDiasSousa@cuvox.de,01/01/1973,-2.356.232,-46.606.479
male,Mr.,Fábio,R,Melo,SP,FabioRodriguesMelo@armyspy.com,01/01/1973,-23.572.659,-46.593.737
male,Mr.,Alex,P,Alves,SP,AlexPintoAlves@fleckens.hu,01/01/1973,-3.742.598,-38.474.243
male,Mr.,Kauan,S,Souza,SP,KauanSantosSouza@gustr.com,01/01/1973,-19.378.429,-42.520.866
female,Mrs.,Leila,R,Cardoso,SP,LeilaRodriguesCardoso@teleworm.us,01/01/1973,-2.010.995,-40.345.483
female,Ms.,Manuela,M,Silva,SP,ManuelaMeloSilva@rhyta.com,01/01/1973,-23.536.672,-46.732.926
male,Mr.,Kauê,R,Fernandes,SP,KaueRibeiroFernandes@teleworm.us,01/01/1973,-23.517.274,-46.917.072
male,Mr.,Gustavo,F,Fernandes,PR,GustavoFerreiraFernandes@superrito.com,01/01/1973,-23.096.635,-45.966.494
male,Mr.,Enzo,A,Pereira,PR,EnzoAraujoPereira@gustr.com,01/01/1973,-23.647.412,-46.619.166
male,Mr.,Gabriel,A,Castro,PR,GabrielAlvesCastro@armyspy.com,01/01/1973,-22.915.991,-43.282.363
female,Ms.,Vitória,A,Souza,PR,VitoriaAraujoSouza@einrot.com,01/01/1973,-15.853.659,-48.022.932
male,Mr.,Vinicius,G,Pinto,PR,ViniciusGomesPinto@fleckens.hu,01/01/1973,-2.329.799,-51.972.042
male,Mr.,Rodrigo,S,Almeida,PR,RodrigoSilvaAlmeida@jourrapide.com,01/01/1973,-1.361.631,-48.424.272
male,Mr.,Gabriel,C,Pinto,PR,GabrielCostaPinto@fleckens.hu,01/01/1973,-23.471.903,-47.479.814
female,Mrs.,Julieta,D,Araujo,PR,JulietaDiasAraujo@jourrapide.com,01/01/1973,-30.146.024,-53.041.863
female,Ms.,Thaís,C,Fernandes,PR,ThaisCarvalhoFernandes@gustr.com,01/01/1973,-23.629.858,-46.718.801
female,Ms.,Gabriela,C,Carvalho,PR,GabrielaCorreiaCarvalho@cuvox.de,01/01/1973,-1.493.821,-43.673.485
female,Ms.,Giovanna,R,Cardoso,PR,GiovannaRochaCardoso@rhyta.com,01/01/1973,-2.729.881,-60.202.023
male,Mr.,João,A,Ribeiro,PR,JoaoAlvesRibeiro@fleckens.hu,01/01/1973,-22.980.687,-47.090.618
female,Mrs.,Yasmin,A,Costa,PR,YasminAlmeidaCosta@armyspy.com,01/01/1973,-22.844.439,-46.954.112
male,Mr.,Antônio,C,Barros,PR,AntonioCastroBarros@jourrapide.com,01/01/1973,-27.599.152,-4.850.411
female,Ms.,Carolina,A,Ribeiro,PR,CarolinaAzevedoRibeiro@einrot.com,01/01/1973,-23.253.204,-46.644.813
male,Mr.,Luis,A,Souza,PR,LuisAlmeidaSouza@rhyta.com,01/01/1973,-25.565.677,-49.385.011
female,Ms.,Alice,A,Silva,PR,AliceAraujoSilva@rhyta.com,01/01/1973,-23.621.083,-4.627.833
female,Mrs.,Isabelle,A,Costa,PR,IsabelleAlvesCosta@armyspy.com,01/01/1973,-2.356.946,-46.932.243
female,Ms.,Letícia,P,Dias,PR,LeticiaPereiraDias@gustr.com,01/01/1973,-26.893.058,-49.051.298
male,Mr.,Luís,C,Souza,PR,LuisCostaSouza@dayrep.com,01/01/1973,-22.869.906,-43.430.456
male,Mr.,Tomás,L,Rodrigues,PR,TomasLimaRodrigues@einrot.com,01/01/1973,-25.521.572,-49.350.453
female,Mrs.,Amanda,S,Azevedo,PR,AmandaSousaAzevedo@einrot.com,01/01/1973,-22.171.694,-49.154.151
male,Mr.,Lucas,C,Souza,PR,LucasCavalcantiSouza@dayrep.com,01/01/1973,-6.742.108,-38.153.294
male,Mr.,Kauã,C,Rocha,PR,KauaCardosoRocha@armyspy.com,01/01/1973,-3.740.411,-38.511.599
male,Mr.,Luiz,F,Silva,PR,LuizFernandesSilva@rhyta.com,01/01/1973,-15.949.187,-47.957.215
male,Mr.,Bruno,S,Rocha,BA,BrunoSantosRocha@gustr.com,01/01/2006,-22.965.974,-47.105.559
male,Mr.,José,R,Ferreira,BA,JoseRibeiroFerreira@armyspy.com,01/01/2006,-23.634.479,-46.709.633
male,Mr.,Luan,R,Costa,BA,LuanRochaCosta@teleworm.us,01/01/2006,-2.290.456,-4.697.976
female,Mrs.,Evelyn,M,Sousa,BA,EvelynMartinsSousa@dayrep.com,01/01/2006,-1.666.243,-43.981.378
male,Mr.,Marcos,F,Pereira,BA,MarcosFernandesPereira@einrot.com,01/01/2006,-3.736.767,-38.445.762
male,Mr.,Daniel,C,Silva,BA,DanielCarvalhoSilva@fleckens.hu,01/01/2006,-2.733.435,-60.233.012
male,Mr.,Vitór,F,Cavalcanti,BA,VitorFernandesCavalcanti@jourrapide.com,01/01/2006,-22.654.365,-47.285.368
male,Mr.,Rodrigo,A,Alves,BA,RodrigoAzevedoAlves@teleworm.us,01/01/2006,-3.747.633,-38.613.896
male,Mr.,Daniel,F,Barbosa,BA,DanielFerreiraBarbosa@einrot.com,01/01/2006,-23.433.359,-47.488.463
female,Ms.,Gabriela,G,Pinto,BA,GabrielaGoncalvesPinto@armyspy.com,01/01/2006,-2.364.026,-51.501.098
female,Mrs.,Mariana,C,Barbosa,BA,MarianaCavalcantiBarbosa@armyspy.com,01/01/2006,-23.343.062,-46.526.674
female,Mrs.,Carla,A,Pereira,BA,CarlaAlvesPereira@einrot.com,01/01/2006,-2.644.297,-44.273.964
male,Mr.,Felipe,S,Ribeiro,BA,FelipeSousaRibeiro@dayrep.com,01/01/2006,-5.341.652,-42.756.495
female,Ms.,Raissa,C,Souza,BA,RaissaCardosoSouza@gustr.com,01/01/2006,-22.427.319,-46.871.246
female,Ms.,Melissa,C,Dias,BA,MelissaCavalcantiDias@jourrapide.com,01/01/2006,-23.796.086,-46.625.341
female,Ms.,Clara,P,Silva,BA,ClaraPintoSilva@dayrep.com,01/01/2006,-16.312.178,-49.091.378
male,Mr.,Matheus,R,Lima,BA,MatheusRibeiroLima@fleckens.hu,01/01/2006,-2.286.951,-4.339.432
female,Ms.,Beatriz,C,Goncalves,BA,BeatrizCavalcantiGoncalves@fleckens.hu,01/01/2006,-12.977.572,-39.206.486
female,Mrs.,Clara,F,Goncalves,BA,ClaraFerreiraGoncalves@superrito.com,01/01/2006,-22.437.743,-4.455.596
female,Mrs.,Amanda,F,Pinto,BA,AmandaFernandesPinto@teleworm.us,01/01/2006,-8.034.547,-348.608
female,Ms.,Carolina,S,Oliveira,BA,CarolinaSouzaOliveira@armyspy.com,01/01/2006,-23.018.089,-46.772.921
female,Ms.,Yasmin,A,Sousa,BA,YasminAlmeidaSousa@teleworm.us,01/01/2006,-22.362.595,-42.908.464
male,Mr.,Kai,R,Souza,BA,KaiRodriguesSouza@cuvox.de,01/01/2006,-23.902.403,-46.487.436
male,Mr.,Daniel,B,Silva,BA,DanielBarrosSilva@armyspy.com,01/01/2006,-1.997.346,-43.883.989
male,Mr.,Matheus,C,Silva,BA,MatheusCarvalhoSilva@dayrep.com,01/01/2006,-23.109.761,-45.882.989
female,Ms.,Bruna,C,Pereira,AC,BrunaCastroPereira@gustr.com,01/01/2006,-29.935.303,-50.979.968
female,Ms.,Ágatha,C,Araujo,AC,AgathaCavalcantiAraujo@armyspy.com,01/01/2006,-226.272,-4.889.893
male,Mr.,Julian,A,Barros,AC,JulianAzevedoBarros@armyspy.com,01/01/2006,-21.314.581,-47.875.613
male,Mr.,Mateus,R,Sousa,AC,MateusRochaSousa@cuvox.de,01/01/2006,-8.199.606,-3.598.925
female,Mrs.,Carla,O,Cardoso,AC,CarlaOliveiraCardoso@einrot.com,01/01/2006,-20.422.667,-4.040.114
female,Mrs.,Marina,R,Santos,AC,MarinaRochaSantos@cuvox.de,01/01/2006,-12.841.786,-38.401.186
male,Mr.,Danilo,A,Cunha,AC,DaniloAraujoCunha@fleckens.hu,01/01/2006,-24.093.615,-46.462.637
female,Ms.,Mariana,C,Goncalves,AC,MarianaCunhaGoncalves@armyspy.com,01/01/2006,-2.381.684,-46.485.815
male,Mr.,Breno,L,Ribeiro,AC,BrenoLimaRibeiro@rhyta.com,01/01/2006,-1.295.219,-48.428.729
male,Mr.,Vitór,C,Barbosa,AC,VitorCastroBarbosa@fleckens.hu,01/01/2006,-23.606.081,-46.393.774
female,Mrs.,Luiza,R,Castro,AC,LuizaRochaCastro@fleckens.hu,01/01/2006,-22.895.698,-47.106.041
female,Dr.,Sarah,F,Souza,AC,SarahFerreiraSouza@fleckens.hu,01/01/2006,-26.522.661,-4.915.967
female,Ms.,Evelyn,A,Pinto,AC,EvelynAlvesPinto@einrot.com,01/01/2006,-12.303.417,-39.134.042
female,Ms.,Beatriz,C,Melo,AC,BeatrizCorreiaMelo@dayrep.com,01/01/2006,-28.983.494,-50.960.149
female,Ms.,Anna,M,Costa,AC,AnnaMartinsCosta@superrito.com,01/01/2006,-22.264.509,-4.995.007
female,Mrs.,Beatriz,A,Souza,AC,BeatrizAlvesSouza@einrot.com,01/01/2006,-23.630.396,-46.581.602
male,Mr.,Caio,C,Almeida,AC,CaioCastroAlmeida@einrot.com,01/01/2006,-21.166.562,-44.343.542
female,Ms.,Larissa,C,Gomes,AC,LarissaCostaGomes@einrot.com,01/01/2006,-29.743.063,-55.805.822
male,Mr.,Samuel,C,Santos,AC,SamuelCunhaSantos@gustr.com,01/01/2006,-29.875.974,-51.260.534
female,Ms.,Isabella,S,Rocha,AC,IsabellaSouzaRocha@jourrapide.com,01/01/2006,-22.880.683,-43.363.327
male,Mr.,Thiago,P,Rodrigues,AC,ThiagoPereiraRodrigues@dayrep.com,01/01/2006,-9.562.676,-35.670.254
female,Mrs.,Letícia,A,Castro,AC,LeticiaAlmeidaCastro@rhyta.com,01/01/2006,-29.814.614,-50.923.741
male,Dr.,Julian,C,Correia,AC,JulianCastroCorreia@dayrep.com,01/01/2006,-30.017.902,-51.126.957
female,Ms.,Sofia,R,Almeida,AC,SofiaRochaAlmeida@superrito.com,01/01/2006,-717.276,-39.161.986
male,Mr.,Augusto,F,Lucas,AC,AugustoFLucas@gmail.com,01/01/2006,-717.276,-39.161.986
